,title,price,year,link,brand,type,age
0,zizzo 20-inch folding bicycle trainer,75,,https://cnj.craigslist.org/bik/d/princeton-zizzo-20-inch-folding-bicycle/7899055550.html,zizzo,folding,
1,trek 800 antelope kids bike,100,,https://cnj.craigslist.org/bik/d/new-brunswick-trek-800-antelope-kids/7904581903.html,trek,kids,
2,balance bike for kids,50,,https://cnj.craigslist.org/bik/d/belle-mead-balance-bike-for-kids/7910881492.html,missing,kids,
3,bike tune ups cheapest around,50,,https://cnj.craigslist.org/bik/d/hightstown-bike-tune-ups-cheapest-around/7875870003.html,missing,missing,
4,"extremely rare 24 speed tern link folding bike, plus extras",1200,,https://cnj.craigslist.org/bik/d/princeton-extremely-rare-24-speed-tern/7893371821.html,missing,folding,
5,wahoo kickr core 2 with zwift cog and click,400,,https://cnj.craigslist.org/bik/d/monroe-township-wahoo-kickr-core-with/7912083432.html,missing,missing,
6,jetson electric bike,900,,https://cnj.craigslist.org/bik/d/gillette-jetson-electric-bike/7900841654.html,missing,electric,
7,razor sx500 mcgrath - 2022,300,2022.0,https://cnj.craigslist.org/bik/d/martinsville-razor-sx500-mcgrath/7895141165.html,missing,missing,4.0
8,union adult cruiser folding bike bicycle runs perfect,125,,https://cnj.craigslist.org/bik/d/plainfield-union-adult-cruiser-folding/7912064618.html,missing,cruiser,
9,panasonic ten speed,200,,https://cnj.craigslist.org/bik/d/freehold-panasonic-ten-speed/7906859892.html,missing,missing,
10,vintage 70's/80's widsor bicycle road bike,75,,https://cnj.craigslist.org/bik/d/clark-vintage-70s-80s-widsor-bicycle/7871548448.html,missing,road,
11,retro style schwinn riverside cruiser mens bike bicycle,150,,https://cnj.craigslist.org/bik/d/clark-retro-style-schwinn-riverside/7871542953.html,schwinn,cruiser,
12,schwinn ranger mountain bike bicycle black,60,,https://cnj.craigslist.org/bik/d/clark-schwinn-ranger-mountain-bike/7871542444.html,schwinn,mountain,
13,vintage 1980s miyata sport 10 speed  bicycle / bike,75,1980.0,https://cnj.craigslist.org/bik/d/clark-vintage-1980s-miyata-sport-10/7871534550.html,missing,missing,46.0
14,womans bicycle,50,,https://cnj.craigslist.org/bik/d/iselin-womans-bicycle/7903878491.html,missing,missing,
15,bmx bike,200,,https://cnj.craigslist.org/bik/d/dunellen-bmx-bike/7884575199.html,missing,bmx,
16,monaco 16” boys bmx bicycle 🚲,50,,https://cnj.craigslist.org/bik/d/trenton-monaco-16-boys-bmx-bicycle/7874050039.html,missing,bmx,
17,2 vintage racing bikes  ross and schwinn,100,,https://cnj.craigslist.org/bik/d/hampton-vintage-racing-bikes-ross-and/7876132379.html,schwinn,missing,
18,3g men's isla vista 1 speed beach cruiser + extras,120,,https://cnj.craigslist.org/bik/d/highland-park-3g-mens-isla-vista-speed/7910469245.html,missing,cruiser,
19,huffy tulsa 26” mountain bicycle 🚲,50,,https://cnj.craigslist.org/bik/d/pennington-huffy-tulsa-26-mountain/7874269771.html,missing,mountain,
20,schwinn rocket full suspension mountain bike,450,,https://cnj.craigslist.org/bik/d/freehold-schwinn-rocket-full-suspension/7899858807.html,schwinn,mountain,
21,ironhorse maverick,200,,https://cnj.craigslist.org/bik/d/freehold-ironhorse-maverick/7899858769.html,missing,missing,
22,haro f3,200,,https://cnj.craigslist.org/bik/d/freehold-haro-f3/7899858260.html,missing,missing,
23,"sears roebuck 70's free spirit greenbrier womens 27"" 10 speed bike",50,,https://cnj.craigslist.org/bik/d/trenton-sears-roebuck-70s-free-spirit/7876965858.html,missing,missing,
24,girls 20 inch  bike + roller blades,30,,https://cnj.craigslist.org/bik/d/delanco-girls-20-inch-bike-roller-blades/7892173483.html,missing,missing,
25,trex multitrack 700 bicycle.  ( let's make a deal ),235,,https://cnj.craigslist.org/bik/d/hazlet-trex-multitrack-700-bicycle-lets/7900779869.html,missing,missing,
26,trex multitrack 700 bicycle.  ( let's make a deal ),235,,https://cnj.craigslist.org/bik/d/hazlet-trex-multitrack-700-bicycle-lets/7880428687.html,missing,missing,
27,giant tcr2-boys and girls club bike exchange,400,,https://cnj.craigslist.org/bik/d/trenton-giant-tcr2-boys-and-girls-club/7902885278.html,giant,missing,
28,giant fcr3 -boys and girls club bike exchange,250,,https://cnj.craigslist.org/bik/d/trenton-giant-fcr3-boys-and-girls-club/7876822193.html,giant,missing,
29,pinarello stelvio -boys and girls club bike exchange,800,,https://cnj.craigslist.org/bik/d/trenton-pinarello-stelvio-boys-and/7900227150.html,pinarello,missing,
30,santana sovereign tandem -boys and girls club bike exchange,300,,https://cnj.craigslist.org/bik/d/trenton-santana-sovereign-tandem-boys/7879116900.html,missing,missing,
31,giant sedona dx -boys and girls club bike exchange,250,,https://cnj.craigslist.org/bik/d/trenton-giant-sedona-dx-boys-and-girls/7889094413.html,giant,missing,
32,trek 1220 -boys and girls club bike exchange,250,,https://cnj.craigslist.org/bik/d/trenton-trek-boys-and-girls-club-bike/7895153698.html,trek,missing,
33,seven odonata titanium road bike-boys and girls club bike exchange,1400,,https://cnj.craigslist.org/bik/d/trenton-seven-odonata-titanium-road/7903396206.html,missing,road,
34,cannondale r500-boys and girls club bike exchange,400,,https://cnj.craigslist.org/bik/d/trenton-cannondale-r500-boys-and-girls/7895155445.html,cannondale,missing,
35,fuji finest 1.0-boys and girls club bike exchange,250,,https://cnj.craigslist.org/bik/d/trenton-fuji-finest-10-boys-and-girls/7902883327.html,fuji,missing,
36,cannondale r500 road -boys and girls club bike exchange,400,,https://cnj.craigslist.org/bik/d/trenton-cannondale-r500-road-boys-and/7884209981.html,cannondale,road,
37,"aventon level 3 commuter ebike, like new. 30% below amazon $",1350,,https://cnj.craigslist.org/bik/d/hopewell-aventon-level-commuter-ebike/7911840070.html,missing,commuter,
38,"ebike bags, new",11,,https://cnj.craigslist.org/bik/d/new-brunswick-ebike-bags-new/7891133368.html,missing,missing,
39,"tricycle schwinn town, add motors",195,,https://cnj.craigslist.org/bik/d/new-brunswick-tricycle-schwinn-town-add/7896648595.html,schwinn,tricycle,
40,"battery lifepo4, 36v",1,,https://cnj.craigslist.org/bik/d/new-brunswick-battery-lifepo4-36v/7873866615.html,missing,missing,
41,trek mountain lion kids bike,30,,https://cnj.craigslist.org/bik/d/east-brunswick-trek-mountain-lion-kids/7898887311.html,trek,mountain,
42,roadmaster granite peak,30,,https://cnj.craigslist.org/bik/d/east-brunswick-roadmaster-granite-peak/7900822960.html,missing,missing,
43,2004 jamis komodo commuter bike,160,2004.0,https://cnj.craigslist.org/bik/d/east-brunswick-2004-jamis-komodo/7898886559.html,jamis,commuter,22.0
44,trek y glide 1998,170,1998.0,https://cnj.craigslist.org/bik/d/east-brunswick-trek-glide-1998/7898886014.html,trek,missing,28.0
45,fuji saratoga 4.0 cruiser bike,60,,https://cnj.craigslist.org/bik/d/east-brunswick-fuji-saratoga-40-cruiser/7898882282.html,fuji,cruiser,
46,team murray kids bike,20,,https://cnj.craigslist.org/bik/d/east-brunswick-team-murray-kids-bike/7898884757.html,missing,kids,
47,kriddo child balance bike,10,,https://cnj.craigslist.org/bik/d/east-brunswick-kriddo-child-balance-bike/7898815046.html,missing,missing,
48,vintage 1997 trek y22 oclv nude carbon mountain bike,600,1997.0,https://cnj.craigslist.org/bik/d/east-brunswick-vintage-1997-trek-y22/7895798754.html,trek,mountain,29.0
49,rhino firestorm bike,5,,https://cnj.craigslist.org/bik/d/east-brunswick-rhino-firestorm-bike/7892519447.html,missing,missing,
50,pro 10 tempest canada bike,30,,https://cnj.craigslist.org/bik/d/east-brunswick-pro-10-tempest-canada/7892517779.html,missing,missing,
51,jg sports road bike,20,,https://cnj.craigslist.org/bik/d/east-brunswick-jg-sports-road-bike/7892516382.html,missing,road,
52,dynacraft hotwheels speed freak,10,,https://cnj.craigslist.org/bik/d/east-brunswick-dynacraft-hotwheels/7892497120.html,missing,missing,
53,specialized fsr ground control direct drive,170,,https://cnj.craigslist.org/bik/d/east-brunswick-specialized-fsr-ground/7890074230.html,specialized,missing,
54,miyata road bike xs,200,,https://cnj.craigslist.org/bik/d/new-brunswick-miyata-road-bike-xs/7892496192.html,missing,road,
55,vintage sears free spirit dynasty road bike,30,,https://cnj.craigslist.org/bik/d/east-brunswick-vintage-sears-free/7889765406.html,missing,road,
56,fuji odessa 1.0,50,,https://cnj.craigslist.org/bik/d/east-brunswick-fuji-odessa-10/7888227790.html,fuji,missing,
57,fixing bikes,20,,https://cnj.craigslist.org/bik/d/east-brunswick-fixing-bikes/7881358940.html,missing,missing,
58,krome 2.0 blue bmx bike,45,,https://cnj.craigslist.org/bik/d/raritan-krome-20-blue-bmx-bike/7906386342.html,missing,bmx,
59,ladies 10 speed road bike delivered to p.u.,150,,https://cnj.craigslist.org/bik/d/east-brunswick-ladies-10-speed-road/7911802274.html,missing,road,
60,"___girls 16"" kent  bicycle__ pink",25,,https://cnj.craigslist.org/bik/d/cliffwood-girls-16-kent-bicycle-pink/7903960903.html,missing,missing,
61,electric 3 speed litening adult tricycle,350,,https://cnj.craigslist.org/bik/d/pennington-electric-speed-litening/7888634229.html,missing,electric,
62,".o0🔴 trek ""jet"" - 20"" bmx style boys/girls bike 🔴0o.",115,,https://cnj.craigslist.org/bik/d/howell-o0-trek-jet-20-bmx-style-boys/7886857319.html,trek,bmx,
63,"** 24"" fuji ""dynamite"" boys/girls mountain style bike **",189,,https://cnj.craigslist.org/bik/d/howell-24-fuji-dynamite-boys-girls/7905842527.html,fuji,mountain,
64,"._. pacific ""paw patrol to the lookout"" - 16"" kids style bike ._.",60,,https://cnj.craigslist.org/bik/d/howell-pacific-paw-patrol-to-the/7885391309.html,missing,kids,
65,"🔴0 dynacraft ""firestorm"" - 18"" bmx style boys bike 0🔴",60,,https://cnj.craigslist.org/bik/d/howell-dynacraft-firestorm-18-bmx-style/7902131008.html,missing,bmx,
66,"--> 14"" apollo ""heart breaker"" girls bike <--",50,,https://cnj.craigslist.org/bik/d/howell-apollo-heart-breaker-girls-bike/7880207574.html,missing,missing,
67,"-- huffy ""seastar"" - 12"" kids girls bike --",45,,https://cnj.craigslist.org/bik/d/howell-huffy-seastar-12-kids-girls-bike/7886855362.html,missing,kids,
68,old school bmx super bundle gt dyno acs z rims & more,0,,https://cnj.craigslist.org/bik/d/mount-holly-old-school-bmx-super-bundle/7911758706.html,gt,bmx,
69,e scooter,125,,https://cnj.craigslist.org/bik/d/trenton-scooter/7908829478.html,missing,missing,
70,old bikes,0,,https://cnj.craigslist.org/bik/d/trenton-old-bikes/7901143780.html,missing,missing,
71,single speed girls bike coaster brakes.,65,,https://cnj.craigslist.org/bik/d/linden-single-speed-girls-bike-coaster/7906840430.html,missing,missing,
72,giant tcx advanced pro 1 - 2019 (l) - carbon gravel bike,1500,2019.0,https://cnj.craigslist.org/bik/d/east-brunswick-giant-tcx-advanced-pro/7906186477.html,giant,gravel,7.0
73,giant tcx advanced pro 1 - 2017 (l) - ultegra di2 - carbon gravel bike,1300,2017.0,https://cnj.craigslist.org/bik/d/east-brunswick-giant-tcx-advanced-pro/7906186167.html,giant,gravel,9.0
74,2024 trek slash gen 6 carbon m/l - custom build enduro mountain bike,3000,2024.0,https://cnj.craigslist.org/bik/d/east-brunswick-2024-trek-slash-gen/7904127456.html,trek,mountain,2.0
75,2022 giant trance advanced pro 29 1 medium - unopened,2800,2022.0,https://cnj.craigslist.org/bik/d/east-brunswick-2022-giant-trance/7905378246.html,giant,missing,4.0
76,"specialized stumpjumper carbon 29er – size l, 2022",2900,2022.0,https://cnj.craigslist.org/bik/d/east-brunswick-specialized-stumpjumper/7903505883.html,specialized,missing,4.0
77,vintage 18 speed  huffy-,150,,https://cnj.craigslist.org/bik/d/union-vintage-18-speed-huffy/7908332306.html,missing,missing,
78,schwinn signature men's hornet cruiser comfort bike,75,,https://cnj.craigslist.org/bik/d/kingston-schwinn-signature-mens-hornet/7909588045.html,schwinn,cruiser,
79,1916 westminster wood wheels bicycle by ec simmons keen kutter,450,1916.0,https://cnj.craigslist.org/bik/d/sergeantsville-1916-westminster-wood/7911720631.html,missing,missing,110.0
80,60cm raleigh super course,325,,https://cnj.craigslist.org/bik/d/new-brunswick-60cm-raleigh-super-course/7908781576.html,raleigh,missing,
81,52 cm trek 1000 aluminum,175,,https://cnj.craigslist.org/bik/d/new-brunswick-52-cm-trek-1000-aluminum/7908777394.html,trek,missing,
82,dahon boardwalk single speed folding bike,100,,https://cnj.craigslist.org/bik/d/new-brunswick-dahon-boardwalk-single/7908776008.html,missing,folding,
83,50cm biemmezeta vintage light touring bicycle 1980s,375,1980.0,https://cnj.craigslist.org/bik/d/new-brunswick-50cm-biemmezeta-vintage/7906409654.html,missing,touring,46.0
84,1985 50cm centurion elite gt light touring,275,1985.0,https://cnj.craigslist.org/bik/d/new-brunswick-cm-centurion-elite-gt/7906409902.html,gt,touring,41.0
85,mint 52cm gt transeo 5.0,125,,https://cnj.craigslist.org/bik/d/new-brunswick-mint-52cm-gt-transeo-50/7905215204.html,gt,missing,
86,40cm diamondback wildwood,125,,https://cnj.craigslist.org/bik/d/new-brunswick-40cm-diamondback-wildwood/7892690861.html,missing,missing,
87,52cm mongoose alta,175,,https://cnj.craigslist.org/bik/d/new-brunswick-52cm-mongoose-alta/7892689877.html,missing,missing,
88,mint like new 42cm bianchi avenue,125,,https://cnj.craigslist.org/bik/d/new-brunswick-mint-like-new-42cm/7892688456.html,bianchi,missing,
89,58cm cycles gitane step through,175,,https://cnj.craigslist.org/bik/d/new-brunswick-58cm-cycles-gitane-step/7892687109.html,missing,missing,
90,54cm nashbar 7000r pro design,225,,https://cnj.craigslist.org/bik/d/new-brunswick-54cm-nashbar-7000r-pro/7892687728.html,missing,missing,
91,60cm to 64cm softride classic qualifier 700,325,,https://cnj.craigslist.org/bik/d/new-brunswick-60cm-to-64cm-softride/7892685863.html,missing,missing,
92,62cm cannondale r900,275,,https://cnj.craigslist.org/bik/d/new-brunswick-62cm-cannondale-r900/7892685217.html,cannondale,missing,
93,64cm trek 2000 alpha sl,225,2000.0,https://cnj.craigslist.org/bik/d/new-brunswick-64cm-trek-2000-alpha-sl/7892684185.html,trek,missing,26.0
94,58cm garlatti parma patina,175,,https://cnj.craigslist.org/bik/d/new-brunswick-58cm-garlatti-parma-patina/7892683827.html,missing,missing,
95,60cm raleigh super course,225,,https://cnj.craigslist.org/bik/d/new-brunswick-60cm-raleigh-super-course/7892681356.html,raleigh,missing,
96,rare 60cm harry havnoonian racing group,425,,https://cnj.craigslist.org/bik/d/new-brunswick-rare-60cm-harry/7892680170.html,missing,missing,
97,60cm vitus 979,425,,https://cnj.craigslist.org/bik/d/new-brunswick-60cm-vitus-979/7885475016.html,missing,missing,
98,64cm 1985 mongoose mangusta all chrome,225,1985.0,https://cnj.craigslist.org/bik/d/new-brunswick-64cm-1985-mongoose/7885466918.html,missing,missing,41.0
99,62ccm (captain) - 56cm (stoker) santana tandem,225,,https://cnj.craigslist.org/bik/d/new-brunswick-62ccm-captain-56cm-stoker/7885461694.html,missing,missing,
100,60cm motobecane mirage sport,175,,https://cnj.craigslist.org/bik/d/new-brunswick-60cm-motobecane-mirage/7885460746.html,missing,missing,
101,60cm raleigh carlton frame new build,175,,https://cnj.craigslist.org/bik/d/new-brunswick-60cm-raleigh-carlton/7885459642.html,raleigh,missing,
102,64cm marinoni corsa,725,,https://cnj.craigslist.org/bik/d/new-brunswick-64cm-marinoni-corsa/7885453045.html,missing,missing,
103,miint 68cm panasonic sport 1000,225,,https://cnj.craigslist.org/bik/d/new-brunswick-miint-68cm-panasonic/7877431690.html,missing,missing,
104,20 inch girl bicycle,50,,https://cnj.craigslist.org/bik/d/edison-20-inch-girl-bicycle/7900741437.html,missing,missing,
105,16 inch huffy girls,30,,https://cnj.craigslist.org/bik/d/edison-16-inch-huffy-girls/7900741628.html,missing,missing,
106,16 inch girls and 18 inch boys huffys bicycles,60,,https://cnj.craigslist.org/bik/d/edison-16-inch-girls-and-18-inch-boys/7900741600.html,missing,missing,
107,26 inch pantera gt terra 21 speed,100,,https://cnj.craigslist.org/bik/d/edison-26-inch-pantera-gt-terra-21-speed/7900741519.html,gt,missing,
108,electric bike,145,,https://cnj.craigslist.org/bik/d/bound-brook-electric-bike/7911682514.html,missing,electric,
109,strider balance bike,60,,https://cnj.craigslist.org/bik/d/belle-mead-strider-balance-bike/7911653384.html,missing,missing,
110,union adult cruiser folding bike bicycle runs perfect,125,,https://cnj.craigslist.org/bik/d/plainfield-union-adult-cruiser-folding/7911644905.html,missing,cruiser,
111,trek 8.3ds dual sport,320,,https://cnj.craigslist.org/bik/d/trenton-trek-83ds-dual-sport/7878561697.html,trek,missing,
112,trek fuel ex8,475,,https://cnj.craigslist.org/bik/d/trenton-trek-fuel-ex8/7878561969.html,trek,missing,
113,cannondale synapse road bike – size 54 – pristine – full gear included,550,,https://cnj.craigslist.org/bik/d/millington-cannondale-synapse-road-bike/7911606716.html,cannondale,road,
114,schwinn crisscross bike,59,,https://cnj.craigslist.org/bik/d/trenton-schwinn-crisscross-bike/7901490390.html,schwinn,missing,
115,giant sedona 26'' bike,69,,https://cnj.craigslist.org/bik/d/trenton-giant-sedona-26-bike/7901489489.html,giant,missing,
116,magna 16'' bike,25,,https://cnj.craigslist.org/bik/d/trenton-magna-16-bike/7871888546.html,missing,missing,
117,26'' roadmaster granite peak  women's bike,50,,https://cnj.craigslist.org/bik/d/trenton-26-roadmaster-granite-peak/7901489379.html,missing,missing,
118,k2 super sweet mountain bike 24'',75,,https://cnj.craigslist.org/bik/d/trenton-k2-super-sweet-mountain-bike-24/7874393482.html,missing,mountain,
119,magna great divide 20''bicycle,39,,https://cnj.craigslist.org/bik/d/trenton-magna-great-divide-20bicycle/7872364275.html,missing,missing,
120,magna great divide 20''bicycle,39,,https://cnj.craigslist.org/bik/d/trenton-magna-great-divide-20bicycle/7872365361.html,missing,missing,
121,20'' haro bikes,40,,https://cnj.craigslist.org/bik/d/trenton-20-haro-bikes/7871853992.html,missing,missing,
122,26''huffy echo valley bike,39,,https://cnj.craigslist.org/bik/d/trenton-26huffy-echo-valley-bike/7875145986.html,missing,missing,
123,yellow bike,59,,https://cnj.craigslist.org/bik/d/trenton-yellow-bike/7872362867.html,missing,missing,
124,mongoose bike,29,,https://cnj.craigslist.org/bik/d/trenton-mongoose-bike/7901490016.html,missing,missing,
125,e-strapz ludicrous mk2 72- volt e bike 60ah ul battery,2400,,https://cnj.craigslist.org/bik/d/littlestown-strapz-ludicrous-mk2-72/7905257914.html,missing,missing,
126,18 speed huffy great shape  $150,150,,https://cnj.craigslist.org/bik/d/union-18-speed-huffy-great-shape-150/7904570389.html,missing,missing,
127,gopowerbike gocity,900,,https://cnj.craigslist.org/bik/d/carteret-gopowerbike-gocity/7894690990.html,missing,missing,
128,raleigh sport comfort bike,100,,https://cnj.craigslist.org/bik/d/toms-river-raleigh-sport-comfort-bike/7909252629.html,raleigh,comfort,
129,aventon aventure 3 step-through e-bike like new!!,1499,,https://cnj.craigslist.org/bik/d/waretown-aventon-aventure-step-through/7894085459.html,missing,missing,
130,"reduced little dutch 12"" balance bike in mint",40,,https://cnj.craigslist.org/bik/d/cranbury-reduced-little-dutch-12/7903530664.html,missing,missing,
131,tern vektron s10 folding e-bike,2500,,https://cnj.craigslist.org/bik/d/kendall-park-tern-vektron-s10-folding/7901073570.html,missing,folding,
132,older sears exercise bike,35,,https://cnj.craigslist.org/bik/d/new-egypt-older-sears-exercise-bike/7900715494.html,missing,missing,
133,huffy savannah bicycle,70,,https://cnj.craigslist.org/bik/d/new-egypt-huffy-savannah-bicycle/7900717123.html,missing,missing,
134,peugeot bordeaux 12 speed race bike,650,,https://cnj.craigslist.org/bik/d/monroe-township-peugeot-bordeaux-12/7902376179.html,missing,missing,
135,raleigh m-30 mtb retro mod rebuild,350,,https://cnj.craigslist.org/bik/d/woodbridge-raleigh-30-mtb-retro-mod/7879964484.html,raleigh,missing,
136,specialized  rockhopper a1 comp fs,450,,https://cnj.craigslist.org/bik/d/monroe-township-specialized-rockhopper/7879964920.html,specialized,missing,
137,bicycle 10-speed,229,,https://cnj.craigslist.org/bik/d/sewaren-bicycle-10-speed/7890092683.html,missing,missing,
138,black ops 29 inch bike big ripper,450,,https://cnj.craigslist.org/bik/d/tennent-black-ops-29-inch-bike-big/7893074350.html,missing,missing,
139,2 bikes 26” wheels.,40,,https://cnj.craigslist.org/bik/d/holmdel-bikes-26-wheels/7906256048.html,missing,missing,
140,kids bicycles 20” wheels,25,,https://cnj.craigslist.org/bik/d/holmdel-kids-bicycles-20-wheels/7906256869.html,missing,kids,
141,mountain full suspension bike 26”,90,,https://cnj.craigslist.org/bik/d/holmdel-mountain-full-suspension-bike-26/7884584656.html,missing,mountain,
142,schwinn apple krate stingray 5 speed  bicycle all original,3200,,https://cnj.craigslist.org/bik/d/linden-schwinn-apple-krate-stingray/7897794123.html,schwinn,missing,
143,bicycle harley davidson sportster roadmaster 20” vintage 1994 rare bra,1575,1994.0,https://cnj.craigslist.org/bik/d/linden-bicycle-harley-davidson/7882477064.html,missing,missing,32.0
144,"schwinn blue pixie bicycle 16"" bike all original w training wheels",775,,https://cnj.craigslist.org/bik/d/linden-schwinn-blue-pixie-bicycle-16/7882477720.html,schwinn,missing,
145,schwinn  5 speed red  apple  stingray bicycle all original,2600,,https://cnj.craigslist.org/bik/d/linden-schwinn-speed-red-apple-stingray/7882406678.html,schwinn,missing,
146,schwinn  5 speed red  apple  stingray bicycle all original,2800,,https://cnj.craigslist.org/bik/d/linden-schwinn-speed-red-apple-stingray/7886263600.html,schwinn,missing,
147,schwinn apple krate stingray 5 speed  bicycle all original,3200,,https://cnj.craigslist.org/bik/d/linden-schwinn-apple-krate-stingray/7892017605.html,schwinn,missing,
148,"mongoose old school bmx bike pro dirt bike 20"" free style vintage",200,,https://cnj.craigslist.org/bik/d/linden-mongoose-old-school-bmx-bike-pro/7884790079.html,missing,bmx,
149,kink bmx bike,300,,https://cnj.craigslist.org/bik/d/dunellen-kink-bmx-bike/7894366474.html,missing,bmx,
150,haro bmx bike/ 2022,200,2022.0,https://cnj.craigslist.org/bik/d/dunellen-haro-bmx-bike-2022/7894365948.html,missing,bmx,4.0
151,"trek 24"" kids bike, 21 speeds",50,,https://cnj.craigslist.org/bik/d/rocky-hill-trek-24-kids-bike-21-speeds/7883099462.html,trek,kids,
152,"for sale: zizzo campo 20” folding bike – 7-speed, lightweight",180,,https://cnj.craigslist.org/bik/d/trenton-for-sale-zizzo-campo-20-folding/7896123709.html,zizzo,folding,
153,"for sale: zizzo campo 20” folding bike – 7-speed, lightweight",200,,https://cnj.craigslist.org/bik/d/trenton-for-sale-zizzo-campo-20-folding/7897044206.html,zizzo,folding,
154,fully custom bmx bike,400,,https://cnj.craigslist.org/bik/d/cream-ridge-fully-custom-bmx-bike/7911358184.html,missing,bmx,
155,viathon m.1 x01 eagle carbon mountain bike medium,1500,,https://cnj.craigslist.org/bik/d/south-plainfield-viathon-m1-x01-eagle/7909898248.html,missing,mountain,
156,raleigh mountain bicycle,200,,https://cnj.craigslist.org/bik/d/princeton-raleigh-mountain-bicycle/7881520174.html,raleigh,mountain,
157,specialized haul st e - cargo/commuter bike,1500,,https://cnj.craigslist.org/bik/d/lambertville-specialized-haul-st-cargo/7904008817.html,specialized,missing,
158,woom 3 kids bike,375,,https://cnj.craigslist.org/bik/d/trenton-woom-kids-bike/7904079641.html,missing,kids,
159,( brand new )e-mountain bike (for trades ),2000,,https://cnj.craigslist.org/bik/d/linden-brand-new-mountain-bike-for/7875532536.html,missing,missing,
160,ninebot e-kick scooter model c2 pro,150,,https://cnj.craigslist.org/bik/d/edison-ninebot-kick-scooter-model-c2-pro/7880863130.html,missing,missing,
161,rare simoncini special professional road bike bicycle bontrager wheels,875,,https://cnj.craigslist.org/bik/d/hightstown-rare-simoncini-special/7881627789.html,missing,road,
162,bicycle schwinn collegiate 3-speed girls / ladies bike,125,,https://cnj.craigslist.org/bik/d/hightstown-bicycle-schwinn-collegiate/7875904573.html,schwinn,missing,
163,womens / ladies bikes vintage rollfast 3-speed bike bicycle,50,,https://cnj.craigslist.org/bik/d/cranbury-womens-ladies-bikes-vintage/7874352375.html,missing,missing,
164,mechanics special ebike and bike with motor,450,,https://cnj.craigslist.org/bik/d/plainfield-mechanics-special-ebike-and/7911274344.html,missing,missing,
165,schwinn exercise bike,35,,https://cnj.craigslist.org/bik/d/colonia-schwinn-exercise-bike/7903848768.html,schwinn,missing,
166,schwinn exercise bike,35,,https://cnj.craigslist.org/bik/d/colonia-schwinn-exercise-bike/7909863848.html,schwinn,missing,
167,litespeed titanium mountain bike,1200,,https://cnj.craigslist.org/bik/d/princeton-litespeed-titanium-mountain/7888076524.html,missing,mountain,
168,litespeed titanium mountain bike,1200,,https://cnj.craigslist.org/bik/d/princeton-litespeed-titanium-mountain/7888076359.html,missing,mountain,
169,litespeed titanium mountain bike,1200,,https://cnj.craigslist.org/bik/d/princeton-litespeed-titanium-mountain/7877511476.html,missing,mountain,
170,litespeed titanium mountain bike,1200,,https://cnj.craigslist.org/bik/d/princeton-litespeed-titanium-mountain/7888076469.html,missing,mountain,
171,litespeed titanium mountain bike,1200,,https://cnj.craigslist.org/bik/d/princeton-litespeed-titanium-mountain/7888076568.html,missing,mountain,
172,girls kent purple bicycle,25,,https://cnj.craigslist.org/bik/d/plainsboro-girls-kent-purple-bicycle/7879927322.html,missing,missing,
173,ladies 3 speed road bike (sm. frame),100,,https://cnj.craigslist.org/bik/d/east-brunswick-ladies-speed-road-bike/7886984047.html,missing,road,
174,men's 10 speed road bike,140,,https://cnj.craigslist.org/bik/d/east-brunswick-mens-10-speed-road-bike/7883944582.html,missing,road,
175,men's 10 speed road bike (delivered to p.u.),150,,https://cnj.craigslist.org/bik/d/east-brunswick-mens-10-speed-road-bike/7887609318.html,missing,road,
176,men's 24 speed road bike (delivered to p.u.),300,,https://cnj.craigslist.org/bik/d/east-brunswick-mens-24-speed-road-bike/7887699520.html,missing,road,
177,men's 10 speed road bike,140,,https://cnj.craigslist.org/bik/d/east-brunswick-mens-10-speed-road-bike/7878813255.html,missing,road,
178,men's 10 speed road bike (lg. frame),160,,https://cnj.craigslist.org/bik/d/east-brunswick-mens-10-speed-road-bike/7894187152.html,missing,road,
179,woman's bike,50,,https://cnj.craigslist.org/bik/d/burlington-womans-bike/7878556150.html,missing,missing,
180,girls mongoose bike,50,,https://cnj.craigslist.org/bik/d/burlington-girls-mongoose-bike/7877984561.html,missing,missing,
181,gotrax electric bike,350,,https://cnj.craigslist.org/bik/d/middlesex-gotrax-electric-bike/7893840305.html,missing,electric,
182,road bikes,30,,https://cnj.craigslist.org/bik/d/trenton-road-bikes/7905101684.html,missing,road,
183,bike rack,50,,https://cnj.craigslist.org/bik/d/belmar-bike-rack/7907819869.html,missing,missing,
184,"24"" roadmaster mtn sport girl's bicycle - 10 speeds",100,,https://cnj.craigslist.org/bik/d/belle-mead-24-roadmaster-mtn-sport/7905109749.html,missing,missing,
185,schwinn collegiate sport 26 inch 10-speed bicycle,50,,https://cnj.craigslist.org/bik/d/bound-brook-schwinn-collegiate-sport-26/7906343651.html,schwinn,missing,
186,bicycle for sale,40,,https://cnj.craigslist.org/bik/d/plainfield-bicycle-for-sale/7902905557.html,missing,missing,
187,rev 16 kids' bike,70,,https://cnj.craigslist.org/bik/d/franklin-park-rev-16-kids-bike/7906540704.html,missing,missing,
188,crf150rb 2023,4100,2023.0,https://cnj.craigslist.org/bik/d/woodbridge-crf150rb-2023/7910948726.html,missing,missing,3.0
189,giant ocr two 44cm small frame womens road bike +extras,50,,https://cnj.craigslist.org/bik/d/flemington-giant-ocr-two-44cm-small/7909477438.html,giant,road,
190,raleigh super course,325,,https://cnj.craigslist.org/bik/d/keyport-raleigh-super-course/7879598528.html,raleigh,missing,
191,huffy strata,75,,https://cnj.craigslist.org/bik/d/monroe-township-huffy-strata/7897321680.html,missing,missing,
192,2004 specialized fsr xc pro,350,2004.0,https://cnj.craigslist.org/bik/d/pluckemin-2004-specialized-fsr-xc-pro/7907894038.html,specialized,missing,22.0
193,diamondbake mountain bike,125,,https://cnj.craigslist.org/bik/d/linden-diamondbake-mountain-bike/7910833942.html,missing,mountain,
194,schwinn boundary mountain bike,165,,https://cnj.craigslist.org/bik/d/linden-schwinn-boundary-mountain-bike/7910831734.html,schwinn,mountain,
195,feedback sports omnium over-drive bike trainer,300,,https://cnj.craigslist.org/bik/d/highland-park-feedback-sports-omnium/7902444622.html,missing,missing,
196,"schwinn 700c glenwood hybrid bike, black, 21 speeds",100,,https://cnj.craigslist.org/bik/d/marlboro-schwinn-700c-glenwood-hybrid/7897229082.html,schwinn,hybrid,
197,2024 pinarello grevil f5 - grx 610,2500,2024.0,https://cnj.craigslist.org/bik/d/princeton-2024-pinarello-grevil-f5-grx/7910765405.html,pinarello,missing,2.0
198,trek verve 1 hybrid bike- boys and girls club bike exchange,250,,https://cnj.craigslist.org/bik/d/trenton-trek-verve-hybrid-bike-boys-and/7910762207.html,trek,hybrid,
199,24 inch bicycle - giant mtx200.,40,,https://cnj.craigslist.org/bik/d/edison-24-inch-bicycle-giant-mtx200/7881496744.html,giant,missing,
200,20 inch bicycle,20,,https://cnj.craigslist.org/bik/d/edison-20-inch-bicycle/7881495282.html,missing,missing,
201,2021 rocky mountain instict al 50 xl,2500,2021.0,https://cnj.craigslist.org/bik/d/toms-river-2021-rocky-mountain-instict/7904698223.html,missing,mountain,5.0
202,hercules women’s bicycle,80,,https://cnj.craigslist.org/bik/d/spotswood-hercules-womens-bicycle/7903332966.html,missing,missing,
203,"haro 18"" bmx",85,,https://cnj.craigslist.org/bik/d/lawrence-township-haro-18-bmx/7910500559.html,missing,bmx,
204,stacyc,600,,https://cnj.craigslist.org/bik/d/lawrence-township-stacyc/7910500532.html,missing,missing,
205,schwinn meridian adult trike-boys and girls club bike exchange,175,,https://cnj.craigslist.org/bik/d/trenton-schwinn-meridian-adult-trike/7910384761.html,schwinn,missing,
206,"☆ ☆ ☆ ☆ fuji ""reveal 3.0"" 26"" mountain/down hill bike aluminum ☆",1000,,https://cnj.craigslist.org/bik/d/howell-fuji-reveal-mountain-down-hill/7876953805.html,fuji,missing,
207,"🚲 27.5"" nycbikes mens hybrid mountain/road bike 🚲",149,,https://cnj.craigslist.org/bik/d/howell-275-nycbikes-mens-hybrid/7876191778.html,missing,hybrid,
208,"☆!☆ 700c (28)"" dynacraft ""alex and olivia"" womens road style bike ☆!☆",165,,https://cnj.craigslist.org/bik/d/howell-700c-28-dynacraft-alex-and/7885943588.html,missing,road,
209,"> > > 26"" kent ""seachange"" beach cruiser mens bike < < <",135,,https://cnj.craigslist.org/bik/d/howell-kent-seachange-beach-cruiser/7887849681.html,missing,cruiser,
210,"*'* 26"" kent ""delrio"" womens beach cruiser *'*",165,,https://cnj.craigslist.org/bik/d/howell-26-kent-delrio-womens-beach/7872807154.html,missing,cruiser,
211,"•• 26"" hyper ""havoc"" aluminum mens mountain bike••",139,,https://cnj.craigslist.org/bik/d/howell-26-hyper-havoc-aluminum-mens/7887848361.html,missing,mountain,
212,"☆-☆ 27"" schwinn ""sprint"" vintage womens 10 speed bike ☆-☆",149,,https://cnj.craigslist.org/bik/d/howell-27-schwinn-sprint-vintage-womens/7895043320.html,schwinn,missing,
213,"*.*.* 26"" schwinn ""legacy"" womens beach cruiser *.*.*",179,,https://cnj.craigslist.org/bik/d/howell-26-schwinn-legacy-womens-beach/7872339976.html,schwinn,cruiser,
214,"*** 26"" electra ""cruiser 1"" womens beach cruiser ***",209,,https://cnj.craigslist.org/bik/d/howell-26-electra-cruiser-womens-beach/7875662219.html,missing,cruiser,
215,"🔥-🔥 huffy ""panama jack"" 26"" deluxe womens beach cruiser 🔥-🔥",170,,https://cnj.craigslist.org/bik/d/howell-huffy-panama-jack-26-deluxe/7908384192.html,missing,cruiser,
216,"-🔥 huffy ""cranbrook"" 26"" womens beach cruiser 🔥-",110,,https://cnj.craigslist.org/bik/d/howell-huffy-cranbrook-26-womens-beach/7884067079.html,missing,cruiser,
217,"•* 26"" schwinn ""ranger"" aluminum mountain bike *•",170,,https://cnj.craigslist.org/bik/d/howell-26-schwinn-ranger-aluminum/7884755428.html,schwinn,mountain,
218,"•*• 26"" fuji america ""altair"" police aluminum mountain bike •*•",325,,https://cnj.craigslist.org/bik/d/howell-26-fuji-america-altair-police/7876952508.html,fuji,mountain,
219,"🔵🔵 gt ""aggressor"" 26"" mens mountain style bike/bicycle 🔵 🔵",195,,https://cnj.craigslist.org/bik/d/freehold-gt-aggressor-26-mens-mountain/7873864775.html,gt,mountain,
220,"-*- k2 ""zed 4.4"" 26"" men's aluminum mountain bike -*-",225,,https://cnj.craigslist.org/bik/d/howell-k2-zed-mens-aluminum-mountain/7893634077.html,missing,mountain,
221,"-•* 26"" nishiki ""pueblo"" mens mountain bike *•-",160,,https://cnj.craigslist.org/bik/d/howell-26-nishiki-pueblo-mens-mountain/7887351897.html,missing,mountain,
222,"🔵 26"" roadmaster ""granite peak"" womens/mens mountain style bike 🔵",110,,https://cnj.craigslist.org/bik/d/howell-26-roadmaster-granite-peak/7884065658.html,missing,mountain,
223,"🔵---haro ""vector"" 26"" mens/women mountain style bike/bicycle---🔵",240,,https://cnj.craigslist.org/bik/d/howell-haro-vector-26-mens-women/7907313890.html,missing,mountain,
224,"...🔴 takara""hiro 24"" bmx style adult/boys freestyle bike 🔴...",230,,https://cnj.craigslist.org/bik/d/howell-takarahiro-24-bmx-style-adult/7893632631.html,missing,bmx,
225,"🔵... redline - old school - 20"" bmx style boys bike ...🔵",125,,https://cnj.craigslist.org/bik/d/howell-redline-old-school-20-bmx-style/7872338356.html,missing,bmx,
226,"-*- bca ""crossfire""- 20"" mountain style 6 speed - girls/boys bike -*-",85,,https://cnj.craigslist.org/bik/d/howell-bca-crossfire-20-mountain-style/7902749302.html,missing,mountain,
227,"...🔴 mongoose ""fsg"" - 20"" bmx style boysgirls bike 🔴...",100,,https://cnj.craigslist.org/bik/d/howell-mongoose-fsg-20-bmx-style/7885459748.html,missing,bmx,
228,".o0🔴 trek ""jet"" - 20"" bmx style boys/girls bike 🔴0o.",115,,https://cnj.craigslist.org/bik/d/howell-o0-trek-jet-20-bmx-style-boys/7885458578.html,trek,bmx,
229,"🔴 schwinn ""deelite"" - 20"" bmx style girls bike 🔴",65,,https://cnj.craigslist.org/bik/d/howell-schwinn-deelite-20-bmx-style/7903624294.html,schwinn,bmx,
230,"** 20"" electra ""hot rod "" cruiser boys/girls beach cruiser **",99,,https://cnj.craigslist.org/bik/d/howell-20-electra-hot-rod-cruiser-boys/7885457651.html,missing,cruiser,
231,"0🔴0 huffy ""rock it"" - 20"" bmx style boys bike 0🔴0",65,,https://cnj.craigslist.org/bik/d/howell-00-huffy-rock-it-20-bmx-style/7900569613.html,missing,bmx,
232,"⚪️... xg3 ""contact x-games"" - 18"" bmx style boys bike ...⚪️",50,,https://cnj.craigslist.org/bik/d/howell-xg3-contact-games-18-bmx-style/7876949174.html,missing,bmx,
233,"* * (2) kent ""sparkles"" - 18"" bmx/road style boys/girls bike * *",49,,https://cnj.craigslist.org/bik/d/howell-kent-sparkles-18-bmx-road-style/7872804842.html,missing,missing,
234,"🔴0 dynacraft ""firestorm"" - 18"" bmx style boys bike 0🔴",60,,https://cnj.craigslist.org/bik/d/howell-dynacraft-firestorm-18-bmx-style/7902748482.html,missing,bmx,
235,"_* diamondback ""mini viper"" - 16"" bmx/road style boys/girls bike *_",75,,https://cnj.craigslist.org/bik/d/howell-diamondback-mini-viper-16-bmx/7902748701.html,missing,missing,
236,"*- huffy ""frozen elsa"" - 16"" kids girls bike -*",45,,https://cnj.craigslist.org/bik/d/howell-huffy-frozen-elsa-16-kids-girls/7876187302.html,missing,kids,
237,"* * trek ""precaliber"" - 16"" bmx/road style girls/boys bike * *",99,,https://cnj.craigslist.org/bik/d/howell-trek-precaliber-16-bmx-road/7876186220.html,trek,missing,
238,"*_* huffy ""flashfire"" - 16"" bmx/road style girls bike *_*",49,,https://cnj.craigslist.org/bik/d/howell-huffy-flashfire-16-bmx-road/7876185536.html,missing,missing,
239,"_* revere ryder ""brave"" - 16"" bmx/road style boys/girls bike *_",65,,https://cnj.craigslist.org/bik/d/howell-revere-ryder-brave-16-bmx-road/7872337270.html,missing,missing,
240,"* 16"" diamondback ""mini impressions"" - kids girls bike *",55,,https://cnj.craigslist.org/bik/d/howell-16-diamondback-mini-impressions/7871796976.html,missing,kids,
241,"_ huffy marvel ""spiderman"" - 16"" bmx/road style boys/girls bike _",60,,https://cnj.craigslist.org/bik/d/howell-huffy-marvel-spiderman-16-bmx/7903623596.html,missing,missing,
242,"._. pacific ""paw patrol to the lookout"" - 16"" kids style bike ._.",60,,https://cnj.craigslist.org/bik/d/howell-pacific-paw-patrol-to-the/7885455904.html,missing,kids,
243,"* * 16"" giant ""puddin"" - bmx/road style girls bike * *",55,,https://cnj.craigslist.org/bik/d/howell-16-giant-puddin-bmx-road-style/7870775266.html,giant,missing,
244,"* huffy ""princess"" - 16"" kids girls bike (2 available) *",35,,https://cnj.craigslist.org/bik/d/howell-huffy-princess-16-kids-girls/7872337047.html,missing,kids,
245,"* 14"" huffy ""tinker bell"" kids girls bike *",50,,https://cnj.craigslist.org/bik/d/howell-14-huffy-tinker-bell-kids-girls/7900569116.html,missing,kids,
246,"* * 12"" dynacraft ""pink fong baby shark"" kids girls/boys bike * *",50,,https://cnj.craigslist.org/bik/d/howell-12-dynacraft-pink-fong-baby/7870775007.html,missing,kids,
247,"-- huffy ""rock it"" - 12"" kids boys/girls bike --",35,,https://cnj.craigslist.org/bik/d/howell-huffy-rock-it-12-kids-boys-girls/7871798063.html,missing,kids,
248,"--> mongoose ""expo"" kick scooter (3 available) <--",65,,https://cnj.craigslist.org/bik/d/howell-mongoose-expo-kick-scooter/7873862403.html,missing,missing,
249,"-* 12"" schwinn ""valve"" kids boys/girls bike *-",50,,https://cnj.craigslist.org/bik/d/howell-12-schwinn-valve-kids-boys-girls/7908380918.html,schwinn,kids,
250,* mad gear - urban glide - scooter -,70,,https://cnj.craigslist.org/bik/d/howell-mad-gear-urban-glide-scooter/7874580598.html,missing,missing,
251,specialized tarmac comp carbon road bike (large - 56cm),500,,https://cnj.craigslist.org/bik/d/marlboro-specialized-tarmac-comp-carbon/7886422191.html,specialized,road,
252,"harmi beach cruiser bike 7 speed bicycles 26"" - like new",170,,https://cnj.craigslist.org/bik/d/princeton-junction-harmi-beach-cruiser/7910248785.html,missing,cruiser,
253,wanted 90s mountain bikes and parts,0,,https://cnj.craigslist.org/bik/d/princeton-wanted-90s-mountain-bikes-and/7898721083.html,missing,mountain,
254,1979 mongoose minigoose,250,1979.0,https://cnj.craigslist.org/bik/d/hightstown-1979-mongoose-minigoose/7902135572.html,missing,missing,47.0
255,wtb: drop-bar road or gravel bike 52–54 cm,1,,https://cnj.craigslist.org/bik/d/keyport-wtb-drop-bar-road-or-gravel/7904365836.html,missing,road,
256,super73-rx hotwheels x ebike 24 in world,4200,,https://cnj.craigslist.org/bik/d/cream-ridge-super73-rx-hotwheels-ebike/7881457669.html,missing,missing,
257,"trek conduit e-bike $1,000 obo",250,,https://cnj.craigslist.org/bik/d/lambertville-trek-conduit-bike-1000-obo/7905494208.html,trek,missing,
258,gazelle c380 e-bike medium size $2300obo,2000,,https://cnj.craigslist.org/bik/d/lambertville-gazelle-c380-bike-medium/7905495446.html,missing,missing,
259,small child red bike,28,,https://cnj.craigslist.org/bik/d/old-bridge-small-child-red-bike/7894530142.html,missing,missing,
260,little mermaid girl bike,55,,https://cnj.craigslist.org/bik/d/east-brunswick-little-mermaid-girl-bike/7894530504.html,missing,missing,
261,silver boy girl bike small,29,,https://cnj.craigslist.org/bik/d/old-bridge-silver-boy-girl-bike-small/7894529847.html,missing,missing,
262,"^_^ ""angry birds"" - 16"" bmx/road style boys/girls bike ^_^",45,,https://cnj.craigslist.org/bik/d/howell-angry-birds-16-bmx-road-style/7905272445.html,missing,missing,
263,miyata road bike,200,,https://cnj.craigslist.org/bik/d/dunellen-miyata-road-bike/7908244646.html,missing,road,
264,panasonic,1000,,https://cnj.craigslist.org/bik/d/freehold-panasonic/7901096698.html,missing,missing,
265,panasonic ten speed,500,,https://cnj.craigslist.org/bik/d/freehold-panasonic-ten-speed/7905273317.html,missing,missing,
266,vintage ten speed,800,,https://cnj.craigslist.org/bik/d/freehold-vintage-ten-speed/7904751264.html,missing,missing,
267,vintage ten speed,450,,https://cnj.craigslist.org/bik/d/freehold-vintage-ten-speed/7904898750.html,missing,missing,
268,new bikes for sale electric,900,,https://cnj.craigslist.org/bik/d/woodbridge-new-bikes-for-sale-electric/7878250140.html,missing,electric,
269,trek dual sport,150,,https://cnj.craigslist.org/bik/d/high-bridge-trek-dual-sport/7906205995.html,trek,missing,
270,cannondale cadd 4 - dura ace,550,,https://cnj.craigslist.org/bik/d/morganville-cannondale-cadd-dura-ace/7872805379.html,cannondale,missing,
271,serotta mint condition,675,,https://cnj.craigslist.org/bik/d/morganville-serotta-mint-condition/7872177233.html,missing,missing,
272,schwinn super sport,475,,https://cnj.craigslist.org/bik/d/morganville-schwinn-super-sport/7900002349.html,schwinn,missing,
273,1988 cannondale black lighting,600,1988.0,https://cnj.craigslist.org/bik/d/morganville-1988-cannondale-black/7900002268.html,cannondale,missing,38.0
274,"☆--☆ cannondale ""cujo 3"" 27.5"" caad mountain/down hill bike aluminum☆☆",825,,https://cnj.craigslist.org/bik/d/freehold-cannondale-cujo-caad-mountain/7878960089.html,cannondale,missing,
275,"*🔵*🔵* klein ""adept comp"" 26"" mens mountain style bike/bicycle *🔵*🔵",875,,https://cnj.craigslist.org/bik/d/howell-klein-adept-comp-26-mens/7876695567.html,missing,mountain,
276,"*🔵* giant ""atx"" 27.5"" mens mountain style bike/bicycle *🔵*",445,,https://cnj.craigslist.org/bik/d/freehold-giant-atx-275-mens-mountain/7878959935.html,giant,mountain,
277,"☆!!!☆ 700c (28)"" bianchi ""cortina"" mens road style bike ☆!!!☆",359,,https://cnj.craigslist.org/bik/d/freehold-700c-28-bianchi-cortina-mens/7876695305.html,bianchi,road,
278,"mongoose ""crossway 250"" hybrid womens/mens mountain style bike",120,,https://cnj.craigslist.org/bik/d/howell-mongoose-crossway-250-hybrid/7876694448.html,missing,hybrid,
279,"☆-☆ 27"" schwinn ""sprint"" vintage womens 10 speed bike ☆-☆",149,,https://cnj.craigslist.org/bik/d/howell-27-schwinn-sprint-vintage-womens/7878959656.html,schwinn,missing,
280,"▀ 26"" shogun ""stone harbor"" mens beach cruiser ▀",129,,https://cnj.craigslist.org/bik/d/howell-26-shogun-stone-harbor-mens/7877460978.html,missing,cruiser,
281,"*'* 26"" kent ""del rio"" womens beach cruiser *'*",165,,https://cnj.craigslist.org/bik/d/howell-26-kent-del-rio-womens-beach/7873334693.html,missing,cruiser,
282,"▀▄▀ 26"" sun ""revolutions"" womens/mens beach cruiser: 26"" balloon ▀▄",189,,https://cnj.craigslist.org/bik/d/howell-26-sun-revolutions-womens-mens/7878959341.html,missing,missing,
283,"*..* 26"" schwinn ""landmark"" womens beach cruiser *..*",189,,https://cnj.craigslist.org/bik/d/howell-26-schwinn-landmark-womens-beach/7877460709.html,schwinn,cruiser,
284,"*.* 26"" next ""avalon"" womens (7 speed) beach style cruiser *.*",109,,https://cnj.craigslist.org/bik/d/howell-26-next-avalon-womens-speed/7876693329.html,missing,cruiser,
285,".* 26"" schwinn ""signature s-1"" womens beach cruiser *.",129,,https://cnj.craigslist.org/bik/d/howell-26-schwinn-signature-1-womens/7877459207.html,schwinn,cruiser,
286,"* * schwinn 26"" ""del mar"" womens/girls beach style cruiser * *",85,,https://cnj.craigslist.org/bik/d/freehold-schwinn-26-del-mar-womens/7878958835.html,schwinn,cruiser,
287,"-•* 26"" nishiki ""pueblo"" mens mountain bike *•-",160,,https://cnj.craigslist.org/bik/d/howell-26-nishiki-pueblo-mens-mountain/7887591015.html,missing,mountain,
288,"-🔥 huffy ""cranbrook"" 26"" womens beach cruiser 🔥-",110,,https://cnj.craigslist.org/bik/d/howell-huffy-cranbrook-26-womens-beach/7884313164.html,missing,cruiser,
289,"🔥 huffy ""cranbrook"" 26"" womens beach cruiser 🔥",110,,https://cnj.craigslist.org/bik/d/howell-huffy-cranbrook-26-womens-beach/7884314080.html,missing,cruiser,
290,"🔵 26"" roadmaster ""granite peak"" womens/mens mountain style bike 🔵",110,,https://cnj.craigslist.org/bik/d/howell-26-roadmaster-granite-peak/7884310640.html,missing,mountain,
291,"•* 26"" schwinn ""ranger"" aluminum mountain bike *•",170,,https://cnj.craigslist.org/bik/d/howell-26-schwinn-ranger-aluminum/7884312040.html,schwinn,mountain,
292,"*mongoose ""beast"" fat tire bike 26 x 4"" mens/boys mountain style bike",149,,https://cnj.craigslist.org/bik/d/howell-mongoose-beast-fat-tire-bike-26/7878958212.html,missing,fat,
293,"🔵---haro ""vector"" 26"" mens/women mountain style bike/bicycle---🔵",240,,https://cnj.craigslist.org/bik/d/howell-haro-vector-26-mens-women/7906015092.html,missing,mountain,
294,"- - - huffy ""nighthawk"" 26"" mens/boys mountain style bike - - -",139,,https://cnj.craigslist.org/bik/d/howell-huffy-nighthawk-26-mens-boys/7878957967.html,missing,mountain,
295,"•• 26"" hyper ""havoc"" aluminum mens mountain bike••",139,,https://cnj.craigslist.org/bik/d/howell-26-hyper-havoc-aluminum-mens/7887121873.html,missing,mountain,
296,"🔵 26"" roadmaster ""mt sport sx"" womens/mens mountain style bike 🔵",95,,https://cnj.craigslist.org/bik/d/howell-26-roadmaster-mt-sport-sx-womens/7877458542.html,missing,mountain,
297,"*** huffy 24"" ""cranbrook"" womens/girls/boys beach style cruiser ***",85,,https://cnj.craigslist.org/bik/d/howell-huffy-24-cranbrook-womens-girls/7876691709.html,missing,cruiser,
298,"*** 24"" sun ""revolutions"" mens/womens beach cruiser ***",149,,https://cnj.craigslist.org/bik/d/howell-24-sun-revolutions-mens-womens/7878957613.html,missing,cruiser,
299,"...🔴 takara""hiro 24"" bmx style adult/boys freestyle bike 🔴...",230,,https://cnj.craigslist.org/bik/d/howell-takarahiro-24-bmx-style-adult/7893123217.html,missing,bmx,
300,"* huffy 20"" ""summerland"" girls beach style cruiser *",75,,https://cnj.craigslist.org/bik/d/howell-huffy-20-summerland-girls-beach/7877457618.html,missing,cruiser,
301,"** 20"" electra ""hot rod "" cruiser boys/girls beach cruiser **",99,,https://cnj.craigslist.org/bik/d/howell-20-electra-hot-rod-cruiser-boys/7886188941.html,missing,cruiser,
302,"...🔴 mongoose ""fsg"" - 20"" bmx style boysgirls bike 🔴...",100,,https://cnj.craigslist.org/bik/d/howell-mongoose-fsg-20-bmx-style/7886190209.html,missing,bmx,
303,"🔴🔴... gt ""performer"" - 20"" bmx style boys bike ... 🔴🔴",179,,https://cnj.craigslist.org/bik/d/howell-gt-performer-20-bmx-style-boys/7876690845.html,gt,bmx,
304,"0🔴0 huffy ""rock it"" - 20"" bmx style boys bike 0🔴0",65,,https://cnj.craigslist.org/bik/d/howell-00-huffy-rock-it-20-bmx-style/7896002876.html,missing,bmx,
305,"-.🔴.- next ""wipeout"" - 20"" bmx style boys bike -.🔴.-",65,,https://cnj.craigslist.org/bik/d/howell-next-wipeout-20-bmx-style-boys/7896002730.html,missing,bmx,
306,"* * (2) kent ""sparkles"" - 18"" bmx/road style boys/girls bike * *",49,,https://cnj.craigslist.org/bik/d/howell-kent-sparkles-18-bmx-road-style/7876690265.html,missing,missing,
